{ 
  "fathers" : [ 
    { 
      "id" : 0,
      "married" : 20,
      "name" : "George Lopez",
      "sons" : null,
      "daughters" : [ 
        { 
          "age" : 26,
          "name" : "Kimberly"
          }
        ]
      },
    { 
      "id" : 1,
      "married" : 15,
      "name" : "Anthony Davis",
      "sons" : null,
      "daughters" : [
      { 
          "age" : 26,
          "name" : "Angela"
          }
        ]
      },
    { 
      "id" : 2,
      "married" : 17,
      "name" : "Anthony Perez",
      "sons" : null,
      "daughters" : [ 
        { 
          "age" : 26,
          "name" : "Angela"
          }
        ]
      },
    { 
      "id" : 3,
      "married" : 30,
      "name" : "Anthony Clark",
      "sons" : null,
      "daughters" : [ 
        { 
          "age" : 3,
          "name" : "Betty"
          }
        ]
      },
    { 
      "id" : 4,
      "married" : 40,
      "name" : "Scott Smith",
      "sons" : null,
      "daughters" : [ 
        { 
          "age" : 29,
          "name" : "Linda"
          }
        ]
      }
    ]
  }